Compound,MW_g_mol,LogP,HBD,HBA,TPSA_A2,RotBonds,Lipinski_Violations,Veber_Compliant,Bioavailability_Score
Gefitinib,446.9,3.74,1,8,68.7,7,0,True,1.0
Erlotinib,393.44,2.7,1,7,74.9,8,0,True,1.0
Aspirin,180.16,1.19,1,3,63.6,2,0,True,1.0
Osimertinib,499.61,4.94,2,7,91.6,10,0,True,0.95
Quercetin,302.24,1.54,5,7,131.4,1,0,True,0.95
Afatinib,485.94,4.89,2,9,99.2,9,0,True,0.95
Curcumin,368.38,3.29,2,6,93.1,8,0,True,0.95
Lapatinib,581.06,5.11,2,8,100.4,8,2,True,0.75
