Compound,PubChem_CID,Type,Formula,Binding_Energy_kcal_mol,Ki_nM,Pose_RMSD_A,Key_Interactions,Mechanism,MW_g_mol,LogP,HBD,HBA,TPSA_A2,RotBonds,Lipinski_Violations,Veber_Compliant,Bioavailability_Score
Osimertinib,71496458,FDA-Approved (3rd Gen),C28H33N7O2,-11.8,2.24,0.97,"Met793 (2 H-bonds), Cys797 (covalent), Lys745/Glu762 (H-bonds), Phe699/Asp855 (hydrophobic)","Irreversible covalent (Cys797), T790M-mutant active",499.61,4.94,2,7,91.6,10,0,True,0.95
Lapatinib,208908,FDA-Approved (Dual EGFR/HER2),C29H26ClFN4O4S,-11.3,5.2,1.03,"Met793 (2 H-bonds), Lys745 (H-bond), Glu762 (H-bond), Phe699/Asp855 (hydrophobic)",Reversible ATP-competitive inhibition (inactive conformation),581.06,5.11,2,8,100.4,8,2,True,0.75
Afatinib,10184653,FDA-Approved (2nd Gen),C24H25ClFN5O3,-10.7,14.32,0.91,"Met793 (2 H-bonds), Cys797 (covalent), Lys745 (H-bond), Val726/Ala743 (hydrophobic)",Irreversible covalent (Cys797 Michael acceptor),485.94,4.89,2,9,99.2,9,0,True,0.95
Gefitinib,123631,FDA-Approved (1st Gen),C22H24ClFN4O3,-10.2,33.31,0.74,"Met793 (2 H-bonds), Thr790 (H-bond), Glu762 (H-bond), Val726/Ala743 (hydrophobic)",Reversible ATP-competitive inhibition,446.9,3.74,1,8,68.7,7,0,True,1.0
Erlotinib,176870,FDA-Approved (1st Gen),C22H23N3O4,-9.8,65.44,0.82,"Met793 (2 H-bonds), Thr790 (H-bond), Glu762 (H-bond), Val726/Leu844 (hydrophobic)",Reversible ATP-competitive inhibition,393.44,2.7,1,7,74.9,8,0,True,1.0
Quercetin,5280343,Natural Compound,C15H10O7,-8.4,695.22,1.31,"Met793 (H-bond), Thr790 (H-bond), Val726 (hydrophobic), Phe699 (π–π stacking)","EGFR kinase inhibition (reversible, weak)",302.24,1.54,5,7,131.4,1,0,True,0.95
Curcumin,969516,Natural Compound,C21H20O6,-7.9,1616.83,1.58,"Met793 (H-bond), Glu762 (H-bond), Val726/Ala743 (hydrophobic)","EGFR kinase inhibition (reversible, weak, promiscuous)",368.38,3.29,2,6,93.1,8,0,True,0.95
Aspirin,2244,Negative Control (COX inhibitor),C9H8O4,-5.2,154163.56,2.47,"Val726/Ala743 (weak hydrophobic), Asp855 (weak H-bond)",COX-1/COX-2 inhibitor (off-target control),180.16,1.19,1,3,63.6,2,0,True,1.0
